Fecha,Hora,Comida,Descripción,Kcal,Proteína (g),Carbohidratos (g),Grasas (g),Fibra (g),Azúcar (g),Sodio (mg),Marca/Producto,Notas,Fuente,ID,
2026-02-02,14:00,almuerzo,guiso de porotos negros con carne,400,g,estimado por foto,520,32,55,18,14,alta,estimacion visual,,
2026-02-02,14:00,almuerzo,arroz blanco cocido,150,g,estimado por foto,195,4,43,"0,5","0,5",media,estimacion visual,,
2026-02-02,14:00,almuerzo,galletitas tipo cracker,30,g,estimado por foto (5-6 unidades),135,3,20,5,2,media,estimacion visual,,
2026-02-02,10:30,desayuno,granola,60,g,bowl estimado,270,6,45,9,6,media,estimacion,,
2026-02-02,10:30,desayuno,leche proteica,200,ml,4.6g prot/200ml,90,"4,6",9,3,0,alta,etiqueta,,
2026-02-02,10:30,desayuno,coco rallado,10,g,estimado,60,"0,7","2,5",6,2,media,estimacion,,
2026-02-02,10:30,desayuno,crema de mani,20,g,1 cucharada,120,5,4,10,"1,5",media,estimacion,,
2026-02-02,13:00,snack,banana,2,unidad,medianas,210,"2,6",54,"0,6",6,alta,bd,,
2026-02-02,13:00,snack,tomate,1,unidad,mediano,22,1,5,"0,2","1,5",alta,bd,,
2026-02-02,21:30,snack,alfajor chocolate blanco y dulce de leche,0.5,unidad,marca no especificada,125,2,15,7,"0,5",baja,estimacion,,
2026-02-03,08:30,bebida,cafe negro espresso,1,unidad,sin azucar ni leche,2,"0,3",0,0,0,alta,bd,,
2026-02-03,12:15,almuerzo,tomate fresco,300,g,3 tomates,54,3,12,"0,6","3,6",alta,bd,,
2026-02-03,12:15,almuerzo,aceite de oliva,15,g,~1 cucharada,120,0,0,14,0,media,estimacion,,
2026-02-03,12:15,almuerzo,aceto balsamico,10,g,chorrito,15,0,3,0,0,media,estimacion,,
2026-02-03,12:15,almuerzo,huevo entero,3,unidad,revueltos,210,18,2,15,0,alta,bd,,
2026-02-03,12:15,almuerzo,queso fontina,20,g,poquito,80,5,1,6,0,media,estimacion,,
2026-02-03,12:15,almuerzo,manteca,5,g,poquito,36,0,0,4,0,media,estimacion,,
2026-02-03,12:15,almuerzo,tomate fresco,300,g,3 tomates,54,3,12,"0,6","3,6",alta,bd,,
2026-02-03,12:15,almuerzo,aceite de oliva,15,g,~1 cucharada,120,0,0,14,0,media,estimacion,,
2026-02-03,12:15,almuerzo,aceto balsamico,10,g,chorrito,15,0,3,0,0,media,estimacion,,
2026-02-03,12:15,almuerzo,huevo entero,3,unidad,revueltos,210,18,2,15,0,alta,bd,,
2026-02-03,12:15,almuerzo,queso fontina,20,g,poquito,80,5,1,6,0,media,estimacion,,
2026-02-03,12:15,almuerzo,manteca,5,g,poquito,36,0,0,4,0,media,estimacion,,
2026-02-03,16:30,snack,banana,1,unidad,mediana,105,"1,3",27,"0,3",3,alta,bd,,
2026-02-03,16:30,snack,crema de mani,15,g,2 cucharadas chicas,90,"3,8",3,"7,5",1,media,estimacion,,
2026-02-03,16:30,snack,mix frutos secos,40,g,"mani, caju, nuez, almendra",230,7,8,19,3,media,estimacion,,
2026-02-03,21:15,cena,guiso de porotos negros con carne,400,g,"mismo guiso que 02-Feb, estimado por foto",520,32,55,18,14,alta,estimacion visual,,
2026-02-03,21:15,cena,arroz blanco cocido,150,g,estimado por foto,195,4,43,"0,5","0,5",media,estimacion visual,,
2026-02-03,21:15,cena,galletitas tipo cracker,30,g,5-6 unidades,135,3,20,5,2,media,estimacion visual,,
2026-02-04,08:45,desayuno,cafe negro,1,unidad,sin azucar ni leche,2,"0,3",0,0,0,alta,bd,,
2026-02-04,08:45,desayuno,galletitas de manteca,7,unidad,tipo lata,350,4,45,18,1,media,estimacion,,
2026-02-04,13:30,almuerzo,aceite vegetal (incluido en preparación),0,cucharada,NO item separado – incluido en berenjenas,0,0,0,0,0,alta,corrección,,
2026-02-04,21:00,cena,mayonesa (incluida en preparación),0,cucharada,NO item separado – incluida en ensalada,0,0,0,0,0,alta,corrección,,
2026-02-05,14:20,almuerzo,Huevo revuelto,1,unidad,,90,6,1,7,,,media,estimación,
2026-02-05,14:20,almuerzo,Pastel de papa y carne,200,g,1/2 porción,300,15,30,15,,,media,estimación,
2026-02-05,14:20,almuerzo,Arroz cocido,50,g,1 puñado,65,1,14,0,,,baja,estimación,
2026-02-05,14:20,almuerzo,Tomate,300,g,2 unidades,55,3,11,1,,,media,estimación,
2026-02-05,14:20,almuerzo,Aceite de oliva,13,g,1 cda,120,0,0,14,,,media,estimación,
2026-02-05,15:30,almuerzo,Morrón relleno (morrón),200,g,,60,2,14,0,,,media,estimación,
2026-02-05,15:30,almuerzo,Queso fontina,60,g,cantidad media,200,12,2,17,,,media,estimación,
2026-02-05,15:30,almuerzo,Huevo,2,unidad,relleno,140,12,2,10,,,media,estimación,
2026-02-04,--,snack,maní tostado sin sal,4,puñado,~30 g por puñado (estimado),680,32,24,56,12,media,estimación,,
2026-02-05,21:00,cena,milanesa de pollo,2,unidad,"horno/frita, tamaño medio",500,46,30,28,2,media,estimación,,
2026-02-05,21:00,cena,tomate,450,g,3 unidades,80,4,18,1,5,alta,bd,,
2026-02-05,21:00,cena,aceite de oliva,10,g,para tomate,90,0,0,10,0,media,estimación,,
2026-02-05,21:00,cena,aceto balsámico,10,g,chorrito,15,0,3,0,0,media,estimación,,
2026-02-05,21:00,cena,papa hervida,75,g,1/2 papa chica,60,"1,5",14,0,2,media,estimación,,
2026-02-05,21:00,cena,sopa de zapallo ahuyama,1,plato,"casera, sin crema (estimado)",150,3,30,2,5,media,estimación,,
2026-02-06,15:00,desayuno,granola natural sin azúcar,60,g,tazón estimado,270,6,45,9,6,media,estimación,,
2026-02-06,15:00,desayuno,leche proteica,200,ml,4.6 g proteína / porción,90,4.6,9,3,0,alta,etiqueta,,
2026-02-06,15:00,desayuno,crema de maní,20,g,1 cda sopera generosa,120,5,4,10,1.5,media,estimación,,
2026-02-06,15:00,desayuno,coco rallado,10,g,espolvoreado,60,0.7,2.5,6,2,media,estimación,,
2026-02-06,--,snack,tomate,600,g,4 unidades medianas,110,6,22,2,6,alta,bd,,
2026-02-06,--,snack,maní tostado sin sal,5,puñado,~30 g por puñado (estimado),850,40,30,70,15,media,estimación,,
2026-02-06,21:00,cena,shawarma de carne,1,unidad,grande,650,40,45,35,3,media,estimación,,
2026-02-06,21:00,cena,hummus de garbanzo,50,g,porción chica,120,4,8,8,3,media,estimación,,
2026-02-06,21:00,cena,pan pita,1,unidad,mediano,170,6,35,2,2,media,estimación,,
2026-02-07,14:00,almuerzo,asado de tira,200,g,≈1/3 del total compartido,520,40,0,42,0,media,estimación por foto,,
2026-02-07,14:00,almuerzo,bondiola de cerdo,170,g,≈1/3 del total compartido,420,30,0,34,0,media,estimación por foto,,
2026-02-07,14:00,almuerzo,chinchulines,120,g,≈1/3 del total compartido,360,20,0,30,0,media,estimación por foto,,
2026-02-07,14:00,almuerzo,riñones,120,g,≈1/3 del total compartido,180,26,4,6,0,media,estimación por foto,,
2026-02-07,14:00,almuerzo,chorizo,2,unidad pequeña,≈1/3 del total,320,16,4,26,0,media,estimación por foto,,
2026-02-07,14:00,almuerzo,papas fritas,200,g,≈1/3 de la fuente,620,7,80,32,6,media,estimación por foto,,
2026-02-07,16:00,postre,flan con dulce de leche y crema,1,porción,casero,380,8,45,18,1,media,estimación,,
2026-02-07,16:00,postre,tiramisú,1,porción,porción estándar,420,7,45,22,1,media,estimación,,
2026-02-07,21:00,cena,guiso de paleta,300,g,paleta + verduras,450,38,10,28,3,media,estimación por foto,,
2026-02-07,21:00,cena,papa,200,g,en guiso,160,4,36,0,4,media,estimación por foto,,
2026-02-07,21:00,cena,arroz blanco cocido,150,g,acompañamiento,195,4,42,0,1,media,estimación por foto,,
2026-02-07,22:30,bebida,vino rosado,2,copa,≈150 ml por copa,240,0,8,0,0,media,estimación,,
2026-02-07,23:30,bebida,vino rosado,1,copa chica,<1/2 copa (~60 ml),60,0,2,0,0,media,estimación,,
2026-02-08,1:00,bebida,cerveza Heineken,500,ml,lata grande,215,2,17,0,0,alta,etiqueta,,
2026-02-08,1:30,snack,alfajor de chocolate con dulce de leche,0.5,unidad,medio alfajor estándar,130,2,18,6,1,media,estimación,,
2026-02-08,14:00,almuerzo,huevo revuelto,3,unidad,"revueltos, sin datos de aceite",210,18,2,15,0,media,estimación,,
2026-02-08,14:00,almuerzo,chipa chica,8,unidad,caseras/pequeñas,400,8,40,20,2,media,estimación,,
2026-02-08,14:00,almuerzo,medialuna de manteca,1,unidad,tamaño estándar,180,4,22,9,1,media,estimación,,
2026-02-08,14:00,almuerzo,mango,0.5,unidad,natural,70,1,18,0,2,media,estimación,,
2026-02-08,14:30,bebida,Coca-Cola Zero,250,ml,vaso,0,0,0,0,0,alta,etiqueta,,
2026-02-08,21:00,cena,pollo al horno (pata y muslo),1,unidad,"con piel, al horno",420,35,0,30,0,media,estimación,,
2026-02-08,21:00,cena,puré de papa,200,g,casero,180,4,36,4,3,media,estimación,,
2026-02-08,21:00,cena,pan tipo figaza,1,unidad,mediano,220,7,42,3,2,media,estimación,,
2026-02-08,21:00,cena,empanada de carne,1,unidad,"horno, tamaño estándar",250,12,20,14,1,media,estimación,,
2026-02-08,--,postre,helado al agua (frutilla y limón),125,g,"1/8 kg, mitad frutilla mitad limón",90,1,22,0,0,media,estimación,,
2026-02-09,14:00,almuerzo,leche proteica,250,ml,4.6 g proteína por porción,120,9,12,4,0,media,etiqueta,,
2026-02-09,14:00,almuerzo,whey protein Star Nutrition,30,g,1 scoop = 25 g proteína,120,25,3,2,0,alta,etiqueta,,
2026-02-09,14:00,almuerzo,huevos revueltos,4,unidad,sin dato de aceite,280,24,2,20,0,media,estimación,,
2026-02-09,18:00,snack,maní tostado sin sal,2,puñado,≈25 g c/u,300,14,10,24,6,media,estimación,,
2026-02-09,18:30,snack,sandía,450,g,3 rodajas generosas,135,3,34,0,2,media,estimación,,
2026-02-09,18:30,snack,tomates cherry,10,unidad,,30,1,7,0,2,alta,bd,,
2026-02-09,18:30,snack,manzana roja,1,unidad chica,,70,0,18,0,3,alta,bd,,
2026-02-09,23:00,cena,pechuga de pollo al horno,200,g,desmenuzada,330,46,0,7,0,media,estimación por foto,,
2026-02-09,23:00,cena,brócoli hervido,150,g,,45,4,9,0,4,media,estimación por foto,,
2026-02-09,23:00,cena,papa hervida,150,g,,120,3,27,0,3,media,estimación por foto,,
2026-02-09,23:00,cena,zanahoria hervida,80,g,,30,1,7,0,2,media,estimación por foto,,
2026-02-09,23:00,cena,arroz blanco cocido,80,g,porción chica,105,2,23,0,1,media,estimación por foto,,
2026-02-10,14:00,almuerzo,pechuga de pollo al horno,180,g,"sobras, desmenuzada",300,41,0,6,0,media,estimación por foto,,
2026-02-10,14:00,almuerzo,brócoli hervido,180,g,sobras,55,5,11,0,5,media,estimación por foto,,
2026-02-10,14:00,almuerzo,papa hervida,180,g,sobras,145,4,33,0,4,media,estimación por foto,,
2026-02-10,14:00,almuerzo,zanahoria hervida,80,g,sobras,30,1,7,0,2,media,estimación por foto,,
2026-02-10,14:00,almuerzo,tomates cherry,8,unidad,,25,1,6,0,2,alta,bd,,
2026-02-10,15:00,snack,leche proteica,250,ml,4.6 g proteína por porción,120,9,12,4,0,media,etiqueta,,
2026-02-10,15:00,snack,whey protein Star Nutrition,30,g,1 scoop = 25 g proteína,120,25,3,2,0,alta,etiqueta,,
2026-02-10,21:00,cena,capelleti rellenos de espinaca y pollo,300,g,plato abundante,480,24,60,16,3,media,estimación por foto,,
2026-02-10,21:00,cena,salsa blanca con panceta,120,g,casera,260,8,6,22,0,media,estimación por foto,,
2026-02-10,21:00,cena,huevo frito,1,unidad,sin rebozar,90,6,1,7,0,media,estimación,,
2026-02-10,21:00,cena,tomates cherry,12,unidad,ensalada aparte,35,1,8,0,2,alta,bd,,
2026-02-11,14:00,almuerzo,berenjena a la plancha,300,g,con aceite,350,6,25,28,8,media,estimación por foto,,
2026-02-11,14:00,almuerzo,ajíes fritos,200,g,solo ajíes fritos,300,4,20,24,4,media,estimación por foto (corregido definitivo),,
2026-02-11,14:00,almuerzo,pan tipo figazzita,2,unidad,chicos,360,12,70,6,4,media,estimación,,
2026-02-11,12:30,almuerzo,guiso de carne con papa,400,g,carne vacuna + papa + cebolla + tomate,600,45,45,30,5,media,estimación por foto (hora corregida),,
2026-02-11,13:15,almuerzo,duraznos en almibar,2,unidad,en almibar,150,1,36,0,2,,media,estimacion,
2026-02-11,19:00,snack,manzana roja,1,unidad,chica,60,0,15,0,2,,alta,estimación estándar,
2026-02-11,21:20,snack,tomates cherry,20,unidad,,40,2,8,0,2,,alta,estimación estándar,
2026-02-11,21:50,snack,batido whey + leche proteica,1,porcion,1 scoop (30g) + 200ml leche proteica,200,29,8,4,0,,alta,etiqueta whey + estimación leche,
2026-02-11,22:30,cena,patamuslo de pollo con papa y zanahoria,1,porcion,1 patamuslo + papa ~300g + zanahoria + 4 crackers,650,45,65,25,6,,media,estimacion por foto,
2026-02-11,23:00,postre,chocolinas con dulce de leche,10,unidad,con dulce de leche,700,8,95,30,3,,media,estimacion estandar,
2026-02-12,14:30,almuerzo,leche proteica,250,ml,4.6 g proteína por porción,120,9,12,4,0,,media,etiqueta,
2026-02-12,14:30,almuerzo,whey protein Star Nutrition,30,g,1 scoop = 25 g proteína,120,25,3,2,0,,alta,etiqueta,
2026-02-12,17:00,snack,huevos revueltos,4,unidad,sin dato de aceite,280,24,2,20,0,,media,estimacion estandar,
2026-02-12,23:00,cena,hamburguesa doble cheddar doble carne (Kiddo),1,unidad,"estilo smashed, con aros de cebolla",950,55,45,65,3,,media,estimacion restaurante estilo smashed,
2026-02-12,23:00,bebida,Pepsi Black,1,vaso,sin azucar,0,0,0,0,0,,alta,etiqueta estandar,
2026-02-12,23:00,bebida,Pepsi regular,1,vaso,azucarada,150,0,40,0,0,,media,estimacion vaso 350ml,
2026-02-13,13:30,almuerzo,lomo de vaca con papas a la cacerola,1,plato,con tomate y morron,800,52,75,32,4,,media,estimacion visual porcion,
2026-02-13,17:00,snack,batido whey protein,1,scoop,30g en agua,120,25,2,1,0,,alta,Star Nutrition - en agua,
2026-02-13,20:30,snack,sandia,420,g,rodaja grande,130,2,32,0,2,,media,estimacion visual por foto,
2026-02-13,22:00,cena,milanesa suprema pollo,2,unidad,a la plancha/horno estimado,700,70,40,35,3,,media,estimacion visual por foto,
2026-02-13,22:00,cena,papa hervida,300,g,con pimienta,260,6,60,0,6,,media,estimacion visual por foto,
2026-02-13,22:00,cena,tomates cherry,150,g,ensalada simple,30,1,7,0,2,,media,estimacion visual por foto,
2026-02-14,1:20,snack,alfajor Rasta,1,unidad,70g segun etiqueta,294,5.6,40,12,2,94,alta,etiqueta foto usuario,
2026-02-14,12:30,almuerzo,banana,1,unidad,,105,1,27,0,3,,media,estimacion estandar,
2026-02-14,12:30,almuerzo,tomates cherry,250,g,,45,2,10,0,3,,media,estimacion usuario,
2026-02-14,16:00,merienda,wrap pollo y lechuga,1,unidad,,350,30,35,12,4,,media,estimacion general,
2026-02-14,16:00,merienda,empanada carne,2,unidad,,500,24,40,28,2,,media,estimacion promedio,
2026-02-14,16:00,merienda,cerveza heineken,710,ml,,300,3,24,0,0,,media,estimacion alcohol 5%,
2026-02-14,19:30,snack,factura dulce de leche,1,unidad chica,,180,3,28,6,1,,media,estimacion panaderia,
2026-02-14,19:30,snack,factura pastelera,1,unidad chica,,170,4,26,5,1,,media,estimacion panaderia,
2026-02-14,19:30,snack,bizcochitos materos,7,unidad,,420,7,42,25,2,,media,estimacion panaderia,
2026-02-14,23:30,bebida,fernet con coca (mayoria zero),10,vaso,~50ml fernet c/u estimado,1100,0,0,0,0,0,baja,estimacion usuario cantidad imprecisa,
2026-02-14,23:45,snack,pochoclos dulces,1,bolsa chica,,350,5,60,15,3,150,media,estimacion estandar,
2026-02-14,23:50,snack,empanada de carne,1,unidad,,250,12,20,14,1,400,media,estimacion promedio,
2026-02-15,13:00,almuerzo,caldo de papa con huevo y cilantro,1,porcion,2 huevos incluidos,450,20,50,18,5,800,media,estimacion visual,
2026-02-15,13:00,almuerzo,palta,0.5,unidad,chica,120,1,6,11,5,5,media,estimacion estandar,
2026-02-15,16:30,merienda,rabas fritas,15,unidad,porcion aprox,600,35,40,40,3,900,media,estimacion restaurante,
2026-02-15,16:30,bebida,cerveza,2,vaso chico,~250ml c/u,220,2,18,0,0,20,media,estimacion estandar 5% alcohol,
2026-02-15,16:30,merienda,pan mignon,2,unidad,,260,8,50,2,2,300,media,estimacion panaderia,
2026-02-15,20:00,cena,sandwich figaza jamon y queso con mayonesa,2,unidad,,900,40,80,45,4,1200,media,estimacion panaderia,
2026-02-15,20:00,cena,sandwich figaza matambre con queso y mayonesa,1,unidad,,600,30,45,35,2,900,media,estimacion panaderia,
2026-02-15,22:00,cena,pizza individual napolitana,1,unidad,,900,35,100,40,5,1200,media,estimacion pizzeria,
2026-02-15,22:00,bebida,cynar julep,2,vaso,,400,0,30,0,0,0,media,estimacion alcohol,
2026-02-15,22:30,bebida,coca zero,1,vaso,,0,0,0,0,0,0,alta,sin calorias,
2026-02-16,2:00,snack,facturas,2,unidad chica,,300,5,45,10,1,200,media,estimacion panaderia,
2026-02-16,12:00,almuerzo,leche proteica,250,ml,,120,9,12,4,0,,media,estimacion estandar,
2026-02-16,12:00,almuerzo,whey protein Star Nutrition,30,g,1 scoop,120,25,3,2,0,,alta,etiqueta conocida,
2026-02-16,12:30,almuerzo,sandwich figaza jamon y queso con mayonesa,1,unidad,,450,18,45,22,2,,media,estimacion panaderia,
2026-02-16,14:30,merienda,licuado frutilla y banana con leche y azucar,1,vaso grande,,350,10,65,8,3,,media,estimacion casera,
2026-02-16,15:00,snack,rosca de chipa,1,unidad,,400,10,35,25,1,,media,estimacion callejera,
2026-02-16,18:30,snack,conito Havanna chocolate y dulce de leche,1,unidad,,250,4,28,15,1,,media,estimacion marca,
2026-02-16,18:30,snack,alfajor Havanna chocolate y dulce de leche,1,unidad,,300,5,35,16,1,,media,estimacion marca,
2026-02-16,21:00,cena,carne vacuna magra al horno,250,g,,450,60,0,20,0,,media,estimacion corte magro,
2026-02-16,21:00,cena,papas al horno,250,g,,350,7,70,5,6,,media,estimacion estandar,
2026-02-17,1:00,snack,KitKat,1,unidad,,210,3,27,11,1,,media,estimacion estandar 41g,
2026-02-17,1:00,bebida,cafe latte vainilla grande,1,unidad,,300,10,45,9,0,,media,estimacion cafeteria,
2026-02-17,1:00,snack,chocolate Block,1,unidad,,250,4,28,15,2,,media,estimacion estandar,
2026-02-17,15:20,almuerzo,granola natural,80,g,sin endulzantes,320,8,50,12,6,,media,estimacion porcion estandar,
2026-02-17,15:20,almuerzo,leche proteica,250,ml,,120,9,12,4,0,,media,estimacion estandar,
2026-02-17,15:20,almuerzo,whey protein Star Nutrition,30,g,1 scoop,120,25,3,2,0,,alta,etiqueta conocida,
2026-02-17,15:20,almuerzo,mantequilla de mani natural,1,cucharada,~15g,100,4,3,9,1,,media,estimacion estandar,
2026-02-17,20:30,cena,guiso de lentejas,2,platos,con arroz blanco + chorizo colorado + panceta,1200,70,120,40,25,,media,estimacion visual porcion grande x2,
2026-02-17,22:30,snack,Mantecol,50,g,,265,4,30,15,1,,media,estimacion 530kcal x100g,
2026-02-17,22:30,snack,pan figazza,1,unidad,chico,140,4,28,2,1,,media,estimacion panaderia chico,
2026-02-17,22:30,snack,gelatina frambuesa,1,porcion,chica,70,1,17,0,0,,media,estimacion azucarada,
2026-02-18,14:15,almuerzo,granola natural,40,g,media taza aprox,160,4,25,6,3,,media,mitad porcion habitual,
2026-02-18,14:15,almuerzo,mantequilla de mani natural,1,cucharada,~15g,100,4,3,9,1,,media,estimacion estandar,
2026-02-18,14:15,almuerzo,whey protein Star Nutrition,30,g,1 scoop,120,25,3,2,0,,alta,etiqueta conocida,
2026-02-18,14:15,almuerzo,leche proteica,250,ml,,120,9,12,4,0,,media,estimacion estandar,
18/02/2026,14:15,Granola 1/2 taza + 1 cda manteca de maní + 1 scoop whey + 250ml leche proteica,,,,,,,,,,,,,
18/02/2026,21:00,1 manzana roja chica + 10 uvas,,,,,,,,,,,,,
18/02/2026,21:30,2 huevos fritos en oliva + milanesa suprema a la sartén con oliva + 1 taza arroz blanco + zapallitos salteados con semillas,,,,,,,,,,,,,
2026-02-18,22:00,snack,whey protein Star Nutrition,30,g,1 scoop en agua,120,25,3,2,0,0,alta,etiqueta conocida,
2026-02-18,22:00,snack,leche proteica,100,ml,,50,4.5,5,2,0,0,media,proporcion estimada 4.6g/250ml,
2026-02-18,22:00,snack,tomate,1,unidad,,20,1,5,0,1,0,alta,estimacion estandar,
2026-02-19,13:00,almuerzo,huevos revueltos,4,unidad,sin dato de aceite,280,24,2,20,0,0,media,estimacion estandar,
2026-02-19,16:30,snack,whey protein Star Nutrition,30,g,1 scoop,120,25,3,2,0,0,alta,etiqueta conocida,
2026-02-19,16:30,snack,leche proteica,300,ml,,145,13.8,14,5,0,0,media,proporcion 4.6g/100ml estimada,
2026-02-19,16:45,snack,banana,1,unidad,,105,1,27,0,3,0,media,estimacion estandar,
2026-02-19,17:00,snack,spaghetti con tomate cherry y zanahoria,80,g,"<1/4 plato, sin salsa",110,3,22,1,2,0,media,estimacion porcion pequeña,
2026-02-19,22:00,cena,carne vacuna (paleta) con papas y zanahoria,400,g carne aprox,#ERROR!,950,95,40,45,6,0,media-alta,estimacion visual segun foto,
2026-02-20,15:20,almuerzo,guiso de lentejas con arroz + 2 huevos,1,plato,similar a registro previo,650,38,70,25,10,0,media,estimacion basada en porcion previa + huevos,
2026-02-20,18:30,snack,banana + manteca de mani natural,1,banana + 1 cda,cucharada sopera aprox,200,5,30,10,3,0,media,estimacion estandar banana + 15g manteca de mani,
2026-02-20,22:00,cena,milanesa frita napolitana + pure + pan + empanada carne,1,plato grande,"mila grande frita, pure abundante, 1 figaza, 1 empanada",1400,75,110,70,8,0,media-alta,estimacion visual por tamaño y fritura,
2026-02-20,20:00,snack,tomates cherry,16,unidades,,50,2,10,0,3,0,baja,estimacion estandar,
2026-02-20,23:44,snack,batido prote (1 scoop en agua),1,scoop,con agua,120,25,3,1,0,0,baja,segun scoop whey,
2026-02-21,Desayuno,1 taza granola Kös + crema de mani,80g granola aprox (2 porciones) + 1 cda manteca mani,416,11,48,18,estimado usando tabla info_nutricional y valores estandar manteca mani,,,,,,,
2026-02-21,18:20,3 arepas + 3 huevos revueltos + morron salteado con manteca y verdeo,arepas maiz precocido (aprox 180g masa total) + 3 huevos + 10g manteca aprox,820,33,90,32,"estimado por porciones estandar harina maiz, huevo y manteca",,,,,,,
2026-02-21,22:00,Trago tequila + tonica + limon,1 medida tequila (45ml) + tonica,170,0,14,0,estimado alcohol + tonica regular,,,,,,,
2026-02-21,23:00,Trago tequila + tonica + frutos rojos,1 medida tequila (45ml) + tonica,170,0,14,0,estimado alcohol + tonica regular,,,,,,,
2026-02-21,Cena,2 milanesas pollo fritas + 1 huevo + pure con mayonesa,~400g pollo rebozado + 1 huevo + 250g pure + mayonesa,1250,85,90,65,estimado visual por tamaño y preparacion frita,,,,,,,
2026-02-22,13:00,Granola Kös (1/2 taza grande) + 1 cda grande crema de mani + leche proteica,~60g granola (1.5 porciones) + 20g mani + 250ml leche proteica,490,33,50,21,granola referenciada desde info_nutricional; resto estimado estandar,,,,,,,
2026-02-22,Snack,Yogur firme frutilla Milkaut,1 pote (180g),173,7.7,29,2.9,referenciado desde info_nutricional,,,,,,,
2026-02-22,18:15,snack,"ensalada de frutas (pera, manzana roja, manzana verde, naranja, ciruela)",1/2 porcion,,,,,,,,,,,
2026-02-22,21:00,cena,papas fritas,1 porcion parrilla,,,,,,,,,,,
2026-02-22,21:00,cena,chinchulin,2 unidades,,,,,,,,,,,
2026-02-22,21:00,cena,molleja,150 g,,,,,,,,,,,
2026-02-22,21:00,cena,chorizo,1/2 unidad,,,,,,,,,,,
2026-02-22,21:00,cena,riñon,1 rodaja,,,,,,,,,,,
2026-02-22,21:00,cena,asado,500 g aprox,,,120,25,2,1,,,,,
2026-02-22,21:00,cena,flan con dulce de leche y crema,1/2 porcion,,,145,13.8,14,5,,,,,
2026-02-23,17:30,snack,whey protein (1 scoop),1 scoop,,,105,1,27,0,,,,,
2026-02-23,17:30,snack,leche proteica,300 ml,,,45,2,10,0,,,,,
2026-02-23,20:30,snack,banana,1 unidad,,,360,45,0,18,,,,,
2026-02-23,20:30,snack,tomates cherry,25 unidades aprox,,,130,2.5,28,0,,,,,
2026-02-23,21:30,cena,pollo pata muslo sin piel,1 unidad grande aprox,,,215,5,50,0,,,,,
2026-02-23,21:30,cena,arroz blanco,1 puñado aprox (80-100g cocido),,,40,1,9,0,,,,,
2026-02-23,21:30,cena,papas,porcion cacerola,,,,,,,,,,,
2026-02-23,21:30,cena,zanahorias,porcion cacerola,,,,,,,,,,,
2026-02-24,12:45,snack,whey protein (1 scoop),1 scoop,,,120,25,2,1,,,,,
2026-02-24,12:45,snack,leche proteica,150 ml,,,72,5.4,7,2.4,,,,,
2026-02-24,13:00,snack,banana,1,unidad,,105,1,27,0,,,alta,estimacion estandar,
2026-02-24,14:00,almuerzo,empanada de carne,1,unidad,,250,12,20,14,,,media,estimacion promedio horno,
2026-02-24,14:00,almuerzo,empanada capresse,1,unidad,,230,10,22,12,,,media,estimacion promedio horno,
2026-02-24,14:00,almuerzo,caldo de papa con 2 huevos,1,plato,~300g papa + 2 huevos,500,25,60,18,,,media,estimacion visual por foto,
2026-02-24,14:30,postre,mini Toblerone,1,unidad,~12.5g,70,1,8,4,,,media,estimacion mini 12-13g bolsa surtida,
2026-02-24,16:00,snack,melon,300,g,bowl chico aprox,105,2,26,0,,,media,estimacion visual por foto,
2026-02-24,16:00,snack,ciruela,1,unidad,,30,0,8,0,,,media,estimacion estandar,
2026-02-24,20:00,snack,galletas con mantequilla (Falabella),9,unidades (~67.5g),porcion segun etiqueta 30g=4u,344,3.6,29.3,17.6,,,alta,calculado segun info nutricional etiqueta,
2026-02-24,22:00,cena,batata al horno,250,g,,215,4,50,0.5,,,media,estimacion visual,
2026-02-24,22:00,cena,arroz blanco cocido,70,g (1/3 taza),,90,2,20,0.2,,,alta,conversion taza a gramos,
2026-02-24,22:00,cena,carne vacuna (guiso),250,g,,500,65,0,35,,,media,estimacion corte magro promedio,
2026-02-24,22:00,cena,"verduras guiso (arvejas, zanahoria, chauchas)",200,g,,160,8,28,2,,,media,estimacion mezcla verduras,
2026-02-25,11:15,snack,galletitas oblea,6,unidades (~60g),,210,3,30,9,,,media,estimacion promedio oblea estandar,
2026-02-25,11:40,almuerzo,berenjena a la plancha,300,g (1 unidad mediana),,220,4,18,16,,,media,estimacion visual + aceite moderado,
2026-02-25,11:40,almuerzo,tortilla de papa,1/2,porcion (~350g),,550,22,45,35,,,media,estimacion espesor 1.5cm aprox,
2026-02-25,12:00,almuerzo,zapallitos rellenos con carne,5,unidades (~600g total),,700,55,35,45,,,media,estimacion visual carne + queso,
2026-02-25,16:30,snack,budin panaderia vainilla nuez chocolate,2,fetas (~180g total),,720,12,95,32,,,baja,estimacion panaderia tradicional con glase,
2026-02-25,16:30,snack,jugo de naranja exprimido,1,vaso (~250ml),,110,2,26,0,,,media,estimacion vaso estandar 250ml,
2026-02-26,12:30,almuerzo,zapallitos rellenos carne + mozzarella,3,unidades (~600g total),carne 300g + muzza 120g aprox,1275,85,25,95,4,0,media,estimacion visual foto,
2026-02-26,15:45,snack,melon maduro,150,g,,50,1,12,0,1,0,media,estimacion estandar,
2026-02-26,15:45,snack,banana,1,unidad,,105,1,27,0,3,0,alta,estimacion estandar,
2026-02-26,15:45,snack,whey protein,1,scoop,Star Nutrition,120,25,2,1,0,0,alta,etiqueta,
2026-02-26,15:45,snack,leche proteica,200,ml,,90,9,9,3,0,0,media,proporcion estimada,
2026-02-26,18:50,snack,Yogur firme frutilla Milkaut,1,pote (180g),referenciado desde info_nutricional,173,7.7,29,2.9,,,alta,base_estandar,
2026-02-27,16:20,primera_ingesta,huevos revueltos,4,unidad,,280,24,2,20,,,alta,base_estandar,
2026-02-27,16:20,primera_ingesta,aceite de oliva,2,g,pincelada sarten,18,0,0,2,,,media,estimacion_visual,
2026-02-27,20:00,cena,pizza cheese slice estilo NY,1,porcion,,320,14,36,13,,,media,base_estandar,
2026-02-27,20:00,cena,pizza pepperoni slice estilo NY,1,porcion,,380,16,36,18,,,media,base_estandar,
2026-02-27,20:00,cena,pizza Kali slice (burrata+pesto+honey),1,porcion,,450,18,38,25,,,media,estimacion_visual,
2026-02-27,20:00,postre,helado pistacho,1,bocha,,220,4,24,14,,,media,base_estandar,
2026-02-27,22:00,postre,paleta frutilla al agua Lucciano's,1,unidad,,90,0,22,0,,,media,base_estandar,
2026-02-28,1:00,shake,Leche Protrica,100,ml,La Serenísima,37,4.6,4.6,0,0,53,alta,etiqueta,
2026-02-28,1:00,shake,Proteína Whey,30,g,1 scoop (1 porción etiqueta),127,25,2.6,1.8,0,60,alta,etiqueta,
2026-02-28,13:00,primera_ingesta,huevos revueltos,3.5,unidad,,245,21,2,17.5,,,alta,base_estandar,
2026-02-28,13:00,primera_ingesta,chipa chico,7,unidad,~25g c/u estimado,630,14,63,42,,,media,estimacion_visual,
2026-02-28,13:30,almuerzo,sandwich de miga jamon y huevo,1,unidad,triple estandar panaderia,280,12,30,12,,,media,base_estandar,
2026-02-28,16:00,merienda,factura con crema pastelera,1,unidad,danesa tamaño mediano segun foto,260,5,35,11,,,media,estimacion_visual,
2026-02-28,16:45,merienda,medialuna de manteca,1,unidad,estandar panaderia,180,4,22,9,,,media,base_estandar,
2026-02-28,18:30,snack,barra cereal proteica,1,unidad,43g segun etiqueta,141,15,15,3.2,8,128,alta,etiqueta,
2026-02-28,21:30,cena,bife de ternera,200,g crudo,estimado 170g cocido,340,46,0,18,,,alta,base_estandar,
2026-02-28,21:30,cena,cebolla salteada + manteca,1,porcion,~80g cebolla + 5g manteca,66,1,7,4,,,media,estimacion_visual,
2026-02-28,21:30,cena,arroz blanco,45,g crudo,1/4 taza crudo,160,3,36,0.5,,,media,conversion_unidad,
2026-02-28,21:30,cena,ensalada papa y huevo con oliva y mayonesa,1/2,porcion,mitad bowl compartido,350,8,28,25,,,media,estimacion_visual,
2026-02-28,20:30,bebida,vino tinto,150,ml,1 copa,125,0,4,0,,,media,estimacion_estandar 12-13% alcohol,
2026-02-28,21:30,bebida,vino tinto,150,ml,1 copa,125,0,4,0,,,media,estimacion_estandar 12-13% alcohol,
2026-02-28,23:00,bebida,vino tinto,150,ml,1 copa,125,0,4,0,,,media,estimacion_estandar 12-13% alcohol,
2026-03-01,0:45,snack,chocolinas,6,unidad,base etiqueta 33g=5u,179,3.6,26.4,6.6,,,alta,etiqueta,
2026-03-01,0:45,snack,dulce de leche La Serenisima Zero Lactosa,42,g,6 cucharaditas (~7g c/u),130,2.4,22.8,3,,,alta,etiqueta,
2026-03-01,14:30,snack,tomate cherry,25,unidad,~250g total estimado,45,2,10,0.5,3,,media,base_estandar,
2026-03-01,14:30,snack,ciruela chica,1,unidad,,30,0.5,8,0,,,media,base_estandar,
2026-03-01,15:00,comida,huevo duro,3,unidad,,210,18,1.5,15,,,alta,base_estandar,
2026-03-01,19:00,merienda,Medialuna de manteca,1,unidad,,180,4,22,9,,,media,base_estandar,
2026-03-01,19:00,merienda,Huevo frito,2,unidad,capa fina aceite oliva,144,12,1,10,,,alta,base_estandar,
2026-03-01,19:00,merienda,Aceite de oliva,5,ml,estimacion coccion,45,0,0,5,,,media,estimacion_visual,
2026-03-01,19:00,merienda,Leche Proteica,120,ml,La Serenisima,44.4,5.52,5.52,0,,,alta,etiqueta,
2026-03-01,19:00,merienda,Chocolate amargo,25,g,submarino tradicional,140,2,12,10,,,media,estimacion_visual,
2026-03-01,21:30,cena,Milanesa de pollo,2,unidad,"hechas al sarten, estimado 300g total",660,60,30,34,,,media,estimacion_visual,
2026-03-01,21:30,cena,Aceite de oliva,5,ml,coccion milanesas,45,0,0,5,,,media,estimacion_visual,
2026-03-01,21:30,cena,Papa,300,g,pure,231,6,51,0,,,media,base_estandar,
2026-03-01,21:30,cena,Leche Proteica,100,ml,La Serenisima,37,4.6,4.6,0,,,alta,etiqueta,
2026-03-01,21:30,cena,Manteca,10,g,pure,72,0,0,8,,,alta,base_estandar,
2026-03-01,21:30,cena,Queso sardo rallado,20,g,pure,80,5,0,7,,,media,base_estandar,
2026-03-02,14:50,primera_ingesta,Huevo duro,3,unidad,huevos grandes,234,18,1.8,15,0,210,alta,base_estandar,
2026-03-02,14:50,primera_ingesta,Banana,1,unidad,mediana (~120g),105,1.3,27,0.3,3,1,alta,base_estandar,
2026-03-02,17:00,snack,Whey Protein ENA Vainilla,30,g,1 scoop,127,25,2.6,1.8,0,0,alta,etiqueta,
2026-03-02,17:00,snack,Leche Proteica,200,ml,La Serenisima,74,9.2,9.2,0,0,0,alta,etiqueta,
2026-03-02,21:00,snack,maní tostado sin sal,2,puñado,≈25g c/u,300,14,10,24,6,0,media,estimacion estandar,
2026-03-02,21:30,cena,guiso de lentejas con verduras,1,plato,lentejas + papa + calabaza + zanahoria,650,32,75,18,12,0,media,estimacion visual por foto,
2026-03-02,21:30,cena,pata de pollo,1,unidad,con piel,420,35,0,30,0,0,media,estimacion estandar,
2026-03-02,21:30,cena,arroz blanco cocido,70,g,~1/3 taza,90,2,20,0.2,1,0,media,conversion taza a gramos,
2026-03-03,12:30,primera_ingesta,huevos revueltos,2,unidad,sin dato de aceite,140,12,1,10,0,0,alta,base_estandar,
2026-03-03,12:30,primera_ingesta,whey protein ENA,30,g,1 scoop en agua + 50ml leche proteica,127,25,2.6,1.8,0,0,alta,etiqueta,
2026-03-03,12:30,primera_ingesta,leche proteica,50,ml,La Serenisima,18.5,2.3,2.3,0,0,0,alta,proporcion etiqueta,
2026-03-03,12:30,primera_ingesta,banana,1,unidad,mediana,105,1.3,27,0.3,3,1,alta,base_estandar,
2026-03-03,15:50,snack,granola natural,40,g,1/2 taza aprox,160,4,25,6,3,0,media,estimacion porcion habitual,
2026-03-03,15:50,snack,leche proteica,200,ml,estimado taza,90,9,9,3,0,0,alta,etiqueta habitual,
2026-03-03,15:50,snack,crema de mani natural,15,g,1 cucharada,100,4,3,9,1,0,media,estimacion estandar,
2026-03-03,21:00,cena,guiso de lentejas con papa,1,plato grande,estimado por foto,650,32,75,18,12,0,media,estimacion visual,
2026-03-03,21:00,cena,arroz blanco cocido,120,g,bowl chico,155,3,34,0.4,1,0,media,estimacion visual,
2026-03-03,21:00,cena,huevo frito,1,unidad,sobre arroz,90,6,1,7,0,0,media,base_estandar,
2026-03-03,21:00,cena,aceite de oliva,5,ml,coccion huevo,45,0,0,5,0,0,media,estimacion coccion,
2026-03-02,21:30,correccion,"pata de pollo (solo pata, sin muslo)",1,unidad,corrige registro previo que asumía pierna entera,160,14,0,9,0,0,alta,correccion usuario,
2026-03-04,10:00,primera_ingesta,cafe cortado con leche descremada,1,taza chica,~30 ml leche descremada,30,3,3,0,0,media,estimacion estandar,,
2026-03-04,10:00,primera_ingesta,budin de vainilla industrial,60,g,2 fetas finas supermercado,250,3,35,10,1,media,estimacion producto industrial promedio,,
2026-03-04,12:00,almuerzo,pollo cocido,150,g,pieza tipo pechuga vista en foto,250,40,0,6,0,0,media,estimacion visual,
2026-03-04,12:00,almuerzo,arvejas con zanahoria guisadas,200,g,arvejas + zanahoria + tomate,180,10,30,3,8,0,media,estimacion visual,
2026-03-04,12:00,almuerzo,berenjena a la plancha,150,g,rodajas vistas en foto,60,2,14,0.5,4,0,media,estimacion visual,
2026-03-04,12:00,almuerzo,aceite de oliva,10,ml,coccion berenjena,90,0,0,10,0,0,media,estimacion coccion,
2026-03-04,12:00,almuerzo,ensalada tomate y chauchas,230,g,tomate + chauchas,70,4,14,0.5,4,0,media,estimacion visual,
2026-03-04,12:00,almuerzo,pan figaza,2,unidad,pan blanco tipo figaza,260,8,50,2,2,0,media,estimacion estandar,
2026-03-04,12:20,postre,duraznos en almibar,1.5,mitades,lata etiqueta foto (porcion 140g=2 mitades),63,0.5,15,0,1.1,6,alta,etiqueta,
2026-03-04,14:30,snack,helado al agua frutilla y limon,2,bochas,copa chica,120,1,30,0,0,0,media,estimacion estandar,
2026-03-04,22:00,cena,hamburguesa doble de vacio con cheddar y panceta,1,unidad,burger bar,780,42,40,50,2,0,media,estimacion visual,
2026-03-04,22:00,cena,papas fritas,180,g,porcion mediana,560,7,70,28,6,0,media,estimacion visual,
2026-03-04,22:00,cena,empanada de cordero glaseado,1,unidad,tipo bar,320,14,28,18,2,0,media,estimacion estandar,
2026-03-05,12:30,primera_ingesta,Granola tradicional Kös,100,g,INFO_NUTRICIONAL,420,13.75,60,13.75,0,,alta,info_nutricional,
2026-03-05,12:30,primera_ingesta,Leche Proteica La Serenisima,200,ml,INFO_NUTRICIONAL,74,9.2,9.2,0,9.2,,alta,info_nutricional,
2026-03-05,12:30,primera_ingesta,Whey Protein ENA Vainilla,30,g,INFO_NUTRICIONAL,127,25,2.6,1.8,0,,alta,info_nutricional,
2026-03-05,12:30,primera_ingesta,Crema de mani natural,15,g,1 cucharada,100,4,3,8,1,,media,estimacion,
2026-03-05,18:30,cena,guiso de lentejas con verduras,0.5,plato,estimado por foto,325,16,45,8,8,,media,estimacion visual,
2026-03-05,21:00,snack,banana,1,unidad,mediana,105,1.3,27,0.4,0.3,,alta,referencia estandar,
2026-03-05,22:00,cena,milanesa de pollo (suprema),2,unidad,a la sarten con poco oliva,700,60,30,35,3,,media,estimacion visual,
2026-03-05,22:00,cena,huevo frito,2,unidad,sarten con oliva,180,12,1,14,0,,alta,referencia estandar,
2026-03-05,22:00,cena,papa hervida,300,g,pure rustico,231,6,51,0.4,2,,alta,referencia estandar,
2026-03-05,22:00,cena,mayonesa,20,g,mezclada con papa,140,0,1,15,0,,media,estimacion,
2026-03-05,22:00,cena,aceite de oliva,10,ml,coccion huevos y milanesas,90,0,0,10,0,,alta,referencia estandar,
2026-03-06,10:00,primera_ingesta,medialuna de manteca,2,unidad,panaderia,360,6,40,20,2,,media,estimacion,
2026-03-06,10:00,primera_ingesta,medialuna de grasa,1,unidad,panaderia,150,3,18,8,1,,media,estimacion,
2026-03-06,13:30,snack,medialuna de manteca,1,unidad,panaderia,180,3,20,10,1,,media,estimacion,
2026-03-06,15:00,snack,Whey Protein ENA Vainilla,30,g,1 scoop,127,25,2.6,1.8,0,,alta,info_nutricional,
2026-03-06,15:00,snack,Leche Proteica La Serenisima,200,ml,batido,74,9.2,9.2,0,9.2,,alta,info_nutricional,
2026-03-06,15:30,snack,huevo hervido,3,unidad,huevos grandes,234,18,1.8,15,0,,alta,referencia estandar,
2026-03-06,18:45,merienda,cheesecake con frutos rojos,0.5,porcion,cafeteria,210,3,22,12,1,,media,estimacion visual,
2026-03-06,18:45,merienda,scone de queso,0.5,unidad,cafeteria,180,4,18,10,1,,media,estimacion visual,
2026-03-06,22:45,cena,patamuslo de pollo al horno,1,unidad,con piel,350,30,0,25,0,,media,estimacion,
2026-03-06,22:45,cena,suprema de pollo al horno,0.5,unidad,pechuga,165,31,0,3.6,0,,alta,referencia estandar,
2026-03-06,22:45,cena,pure de papa,350,g,porcion abundante,300,7,55,6,4,,media,estimacion,
2026-03-06,22:45,cena,pan figaza,1,unidad,panaderia,180,6,35,2,1,,media,estimacion,
2026-03-06,22:45,cena,empanada de carne cortada a cuchillo al horno,1,unidad,horno,260,13,22,14,1,,media,estimacion,
2026-03-07,12:00,primera_ingesta,Whey Protein ENA Vainilla,30,g,1 scoop con agua,127,25,2.6,1.8,0,,alta,info_nutricional,
2026-03-07,13:00,almuerzo,huevo revuelto,3.5,unidad,huevos,273,22,2,21,0,,alta,referencia estandar,
2026-03-07,13:00,almuerzo,arepa (Harina PAN),3,unidad,150 g harina total,489,11.4,102,3.9,12,0,,media,calculado desde info_nutricional
2026-03-07,18:30,merienda,Granola tradicional Kös,100,g,bowl,420,13.75,60,13.75,0,,alta,info_nutricional,
2026-03-07,18:30,merienda,Leche Proteica La Serenisima,200,ml,con granola,74,9.2,9.2,0,9.2,,alta,info_nutricional,
2026-03-07,18:30,merienda,crema de mani natural,15,g,1 cucharada,100,4,3,8,1,,media,estimacion,
2026-03-07,22:40,cena,chuleta de cerdo a la plancha,1,unidad,con hueso,420,36,0,30,0,,media,estimacion visual,
2026-03-07,22:40,cena,spaghetti hervido,200,g,sin salsa,320,11,63,2,3,,alta,referencia estandar,
2026-03-07,23:30,postre,Alfajor Rasta Negro,1,unidad,70 g,270,4.9,42,11,1,91,alta,info_nutricional,
2026-03-08,12:00,primera_ingesta,huevo duro,3,unidad,huevos grandes,234,18,1.8,15,0,,alta,referencia estandar,
2026-03-08,15:00,merienda,dulce de arequipe,20,g,1 cucharada,62,1.2,11,1.4,0,,media,estimacion,
2026-03-08,15:00,merienda,mermelada de frutilla,20,g,1 cucharada,52,0,13,0,0,,media,estimacion,
2026-03-08,18:00,merienda,sandwich masa madre lomito y queso,0.5,unidad,fiambre lomito y grillaso,210,12,18,10,1,,media,estimacion,
2026-03-08,18:00,merienda,croissant jamon y queso,0.5,unidad,panaderia,160,5,15,9,1,,media,estimacion,
2026-03-08,18:30,merienda,Whey Protein ENA Vainilla,30,g,1 scoop,127,25,2.6,1.8,0,,alta,info_nutricional,
2026-03-08,18:30,merienda,Leche Proteica La Serenisima,250,ml,batido,92.5,11.5,11.5,0,11.5,,alta,info_nutricional,
2026-03-08,21:10,cena,sopa de pollo (patamuslo),1,unidad,caldo con verduras,350,30,5,20,1,,media,estimacion visual,
2026-03-08,21:10,cena,papa hervida,150,g,en sopa,116,3,26,0.2,2,,alta,referencia estandar,
2026-03-08,21:10,cena,choclo,0.5,unidad,en sopa,60,2,14,1,2,,media,estimacion,
2026-03-08,21:10,cena,verduras sopa (zanahoria zapallo etc),100,g,mixto,40,1,9,0,2,,media,estimacion,
2026-03-08,21:10,cena,arroz blanco hervido,150,g,bowl aparte,195,4,42,0.4,1,,alta,referencia estandar,
2026-03-08,23:30,postre,Block chocolate con leche con mani,108,g,1 barra completa,594,15.6,47,38,0,,media,calculado desde etiqueta,
2026-03-09,15:00,almuerzo,Huevo,4,unidad,revuelto,288,25.2,1.6,19.2,,,alta,base_estandar,
2026-03-09,15:00,almuerzo,Pechuga de pollo,0.5,pechuga,,165,31,0,3.6,,,media,base_estandar,
2026-03-09,15:30,snack,Sandía,350,g,foto,105,2,26,0,,,media,estimacion_visual,
2026-03-09,17:15,cena,morron relleno con huevo y queso,1,unidad,foto (2 huevos + queso gratinado + verduras),315,19,10,21,,,media,estimacion_visual,
2026-03-09,21:15,cena,pata de pollo (solo pata),1,unidad,sopa,160,14,0,9,,,media,estimacion_visual,
2026-03-09,21:15,cena,arroz blanco cocido,180,g,plato foto,234,4.5,50,0.5,,,media,estimacion_visual,
2026-03-09,21:15,cena,papa hervida,150,g,en sopa,116,3,26,0.2,,,media,estimacion_visual,
2026-03-09,21:15,cena,choclo,0.5,unidad,rodajas sopa,60,2,14,1,,,media,estimacion_visual,
2026-03-09,21:15,cena,verduras sopa (zanahoria zapallo etc),120,g,mixto,45,1,10,0,,,media,estimacion_visual,
2026-03-09,20:00,snack,Tomate cherry,25,unidad,,45,2,9,0.5,,,media,base_estandar,
2026-03-09,23:15,snack,whey protein (1 scoop en agua),1,scoop,batido prote,120,25,3,1,,,alta,registro_usuario,
2026-03-10,12:15,1ra ingesta,Whey Protein ENA Vainilla,1,scoop,shake con leche proteica,127,25,2.6,1.8,,,alta,etiqueta,
2026-03-10,12:15,1ra ingesta,Leche Proteica,200,ml,La Serenisima,74,9.2,9.2,0,,,alta,etiqueta,
2026-03-10,12:30,snack,huevo duro,3,unidad,,210,18,1.5,15,,,media,base_estandar,
2026-03-10,16:15,snack,sopa de verduras (caldo con verduras),1,plato,caldo liviano con algunas verduras,60,3,12,1,,,media,base_estandar,
2026-03-10,16:30,snack,banana,1,unidad,,105,1.3,27,0.3,,,media,base_estandar,
2026-03-10,16:30,snack,tomate cherry,10,unidad,,30,1,7,0,,,media,base_estandar,
2026-03-10,22:00,cena,pan de mesa,2,unidad,,320,10,60,4,,,media,estimacion_visual,
2026-03-10,22:00,cena,berenjenas en escabeche,1,porcion,,120,1,8,10,,,media,estimacion_visual,
2026-03-10,22:00,cena,ojo de bife,1,porcion,,700,55,0,55,,,media,estimacion_visual,
2026-03-10,22:00,cena,tortilla española de papa,0.5,porcion,,250,8,20,18,,,media,estimacion_visual,
2026-03-10,22:00,cena,ensalada rucula y parmesano,0.5,porcion,,120,6,3,10,,,media,estimacion_visual,
2026-03-10,22:00,postre,helado frutilla,1,bocha,,120,2,20,4,,,media,estimacion_visual,
2026-03-10,22:00,postre,helado limon,1,bocha,,120,2,20,4,,,media,estimacion_visual,
2026-03-11,13:00,1ra ingesta,huevos revueltos,3,unidad,,210,18,1.5,15,,,media,base_estandar,
2026-03-11,13:00,1ra ingesta,panqueques de avena caseros,5,unidad,avena+huevo+leche,245,12.5,29.5,9,,,media,estimacion_visual,
2026-03-11,16:20,snack,whey protein,1,scoop,ENA,127,25,2.6,1.8,,,alta,base_estandar,
2026-03-11,16:20,snack,leche proteica,200,ml,La Serenisima,74,9.2,9.2,0,,,alta,base_estandar,
2026-03-11,19:45,snack,barra de cereal proteica Integra pasta de maní & arándanos,1,unidad,15g prote,141,15,13,3.2,,,alta,etiqueta,
2026-03-11,19:45,snack,yogur cremoso natural Milkaut,1,pote 180g,sin azucar agregada,137,9,13,5.4,,,alta,etiqueta,
2026-03-11,21:20,snack,banana,1,unidad,mediana,105,1.3,27,0.3,,,alta,base_estandar,
2026-03-11,21:30,snack,tomates cherry,25,unidad,,45,2,9,0.5,,,alta,base_estandar,
2026-03-11,22:00,cena,bife ancho vacuna,280,g,estimado por foto,750,60,0,55,,,media,estimacion_visual,
2026-03-11,22:00,cena,arroz blanco cocido,120,g,porcion foto,155,3,34,0.4,,,media,estimacion_visual,
2026-03-11,22:00,cena,zapallitos y zanahoria salteados con semillas,200,g,wok + algo aceite,180,4,15,10,,,media,estimacion_visual,
2026-03-11,22:30,snack,dulce de leche La Serenisima Zero Lactosa,40,g,2 cucharadas (foto etiqueta),124,2.4,22,2.8,0,62,alta,,
2026-03-12,12:20,primera_ingesta,Whey Protein ENA Vainilla,30,g,1 scoop,127,25,2.6,1.8,0,0,alta,,
2026-03-12,12:20,primera_ingesta,Leche Proteica La Serenisima,200,ml,batido,74,9.2,9.2,0,0,0,alta,,
2026-03-12,12:45,comida,Huevo duro,3,unidad,,210,18,1.5,15,0,180,media,base_estandar,
2026-03-12,12:45,comida,Banana,1,unidad,,105,1.3,27,0.4,3,1,media,base_estandar,
2026-03-12,15:30,snack,Tomates cherry,10,unidad,,18,0.9,3.9,0.2,1.2,5,media,base_estandar,
2026-03-12,15:30,snack,Yogur firme frutilla,1,unidad,Milkaut,173,7.7,29,2.9,0,108,alta,etiqueta,
2026-03-12,18:00,comida,Huevo revuelto,2,unidad,,140,12,1,10,0,120,media,base_estandar,
2026-03-12,18:00,comida,Queso fontina,50,g,,180,12,1,14,0,300,media,base_estandar,
2026-03-12,18:00,comida,Tomates cherry,10,unidad,,18,0.9,3.9,0.2,1.2,5,media,base_estandar,
2026-03-12,22:15,cena,Milanesa de suprema de pollo,2,unidad,"empanadas, foto",600,50,30,35,0,900,media,estimacion_visual,
2026-03-12,22:15,cena,Pure de papa,200,g,porcion visual foto,180,4,30,5,3,300,media,estimacion_visual,
2026-03-12,22:15,cena,Mayonesa,20,g,porcion visual foto,140,0,1,15,0,120,media,estimacion_visual,
2026-03-13,9:40,desayuno,Huevo a la sarten,2,unidad,,140,12,1,10,0,120,media,base_estandar,
2026-03-13,9:40,desayuno,Arepa (harina de maiz),2.5,unidad,tipo casera,407,9.5,85,3.3,4,20,media,base_estandar,
2026-03-13,13:45,snack,Whey Protein ENA Vainilla,30,g,1 scoop,127,25,2.6,1.8,0,0,alta,info_nutricional,
2026-03-13,13:45,snack,Leche Proteica La Serenisima,200,ml,batido,74,9.2,9.2,0,0,0,alta,info_nutricional,
2026-03-13,13:45,snack,Barra proteica pasta de mani & arandanos,1,unidad,Integra,141,15,13,3.2,0,0,alta,info_nutricional,
2026-03-13,16:40,snack,Ciruela,2,unidad,,60,1,15,0.2,2,0,media,base_estandar,
2026-03-13,16:40,snack,Naranja,2,unidad,,124,2.4,30,0.4,6,0,media,base_estandar,
2026-03-13,18:35,comida,Huevo revuelto,3,unidad,,210,18,1.5,15,0,180,media,base_estandar,
2026-03-13,23:30,cena,pechuga de pollo,180,g,a la sarten con zanahoria,297,55,0,6,0,120,media,base_estandar,
2026-03-13,23:30,cena,papa hervida,225,g,1.5 papas,174,4.5,40,0.2,4,10,media,base_estandar,
2026-03-13,23:30,cena,zanahoria,40,g,salteada con pollo,16,0.4,4,0.1,1.2,30,media,base_estandar,
2026-03-13,23:30,cena,sopa de auyama,250,g,solo auyama licuada,50,1,12,0.2,2,10,media,base_estandar,
2026-03-14,1:10,snack,Alfajor Rasta Negro,1,unidad,70g etiqueta,294,5.6,40,12,2,94,alta,etiqueta,
2026-03-14,1:10,bebida,Coca-Cola Zero,350,ml,sin azucar,0,0,0,0,0,40,alta,etiqueta,
2026-03-14,13:00,almuerzo,asado de tira,280,g,2 pedazos hueso ancho parrilla,812,72,0,56,0,120,media,base_estandar,
2026-03-14,13:00,almuerzo,chorizo bombon,40,g,1 unidad,120,5,2,10,0,320,media,base_estandar,
2026-03-14,13:00,almuerzo,morcilla bombon,30,g,1/2 unidad,90,3,4,7,0,210,media,base_estandar,
2026-03-14,13:00,almuerzo,chinchulines,60,g,2 unidades,150,12,1,11,0,120,media,base_estandar,
2026-03-14,13:00,almuerzo,riñon a la parrilla,50,g,2 rodajas,70,10,1,3,0,90,media,base_estandar,
2026-03-14,13:00,almuerzo,papas fritas,200,g,porcion abundante,624,7,82,30,6,350,media,base_estandar,
2026-03-14,13:00,almuerzo,provoleta,120,g,3/4 provoleta,420,28,3,33,0,720,media,base_estandar,
2026-03-14,14:30,postre,flan con dulce de leche y crema,1,porcion,foto,450,9,55,22,0,180,media,estimacion_visual,
2026-03-14,22:00,snack,banana,120,g,1 unidad,105,1.3,27,0.4,3,1,alta,base_estandar,
2026-03-14,23:50,cena,caldo de pollo,250,ml,casero,30,3,1,1,0,200,media,estimacion_visual,
2026-03-14,23:50,cena,pata de pollo,120,g,1 unidad hervida,215,27,0,11,0,90,media,base_estandar,
2026-03-14,23:50,cena,papa hervida,140,g,2 papitas,108,2.5,25,0.1,2,8,media,base_estandar,
2026-03-14,23:50,cena,zanahoria hervida,60,g,1 unidad,25,0.6,6,0.1,2,40,media,base_estandar,
2026-03-15,14:30,primera_ingesta,Caldo de pollo,1,plato,casero,30,3,1,1,,,media,base_estandar,
2026-03-15,14:30,primera_ingesta,Muslo de pollo,1,unidad,en caldo,160,22,0,9,,,media,base_estandar,
2026-03-15,14:30,primera_ingesta,Papa,2,unidad_mediana,hervida en caldo,220,6,52,0.2,,,media,base_estandar,
2026-03-15,14:30,primera_ingesta,Huevo,1,unidad,cocido en caldo,70,6,0.6,5,,,alta,base_estandar,
2026-03-15,14:30,primera_ingesta,Arepa (Harina PAN),2.5,unidad,125 g harina PAN,407.5,9.5,85,3.25,,,media,base_estandar,
2026-03-15,15:18,snack,Whey Protein ENA Vainilla,30,g,1 scoop shake,127,25,2.6,1.8,,,alta,info_nutricional,
2026-03-15,15:18,snack,Leche Proteica La Serenisima,200,ml,en shake,74,9.2,9.2,0,,,alta,info_nutricional,
2026-03-15,23:00,cena,Banana,1,unidad,fresca,105,1.3,27,0.3,,,media,base_estandar,
2026-03-15,23:00,cena,Pata muslo de pollo,1,unidad,al horno,250,27,0,17,,,media,base_estandar,
2026-03-15,23:00,cena,Pechuga de pollo,0.5,unidad,al horno,140,26,0,3,,,media,base_estandar,
2026-03-15,23:00,cena,Pure mixto papa calabaza,1,porcion,casero,180,4,35,3,,,media,base_estandar,
2026-03-15,23:00,cena,Empanada carne a cuchillo,1,unidad,al horno,260,13,20,15,,,media,base_estandar,
2026-03-15,20:00,snack,Pochoclo dulce cine,625,balde,aprox,630,6,115,13,,,media,estimacion,
2026-03-15,20:00,snack,Coca Cola Zero,750,ml,bebida,0,0,0,0,,,alta,base_estandar,
2026-03-15,23:50,extra,Pan blanco tipo casero,1,unidad,similar foto,160,5,30,2,,,media,estimacion,
2026-03-15,23:50,extra,Oblea Mantecol,1,unidad,etiqueta usuario,135,2,16,7,,,alta,etiqueta_usuario,
2026-03-16,14:00,ingesta,Huevo,3,unidad,revueltos,210,18,1.8,15,,,alta,base_estandar,
2026-03-16,17:00,ingesta,Whey Protein ENA Vainilla,30,g,1 scoop shake,127,25,2.6,1.8,,,alta,info_nutricional,
2026-03-16,17:00,ingesta,Leche descremada,250,ml,La Serenisima,85,8.5,12,0.2,,,media,base_estandar,
2026-03-16,21:15,cena,Milanesa pechuga de pollo,2,unidad,sarten poco aceite,420,46,20,20,,,media,estimacion,
2026-03-16,21:15,cena,Ensalada papa huevo mayo,1,porcion,con oliva,420,8,52,23,,,media,estimacion,
2026-03-16,21:00,cena,Chorizo bombon de cerdo,1,unidad,parrilla,160,8,1,13,,,media,estimacion,
2026-03-16,14:00,ingesta,Yogur firme frutilla,1,unidad,Milkaut 180g,173,7.7,29,2.9,,,alta,info_nutricional,
2026-03-17,11:30,ingesta,Whey Protein ENA Vainilla,30,g,1 scoop shake,127,25,2.6,1.8,,,alta,info_nutricional,
2026-03-17,11:30,ingesta,Leche descremada,200,ml,no proteica,68,6.8,9.6,0.2,,,media,base_estandar,
2026-03-17,14:00,ingesta,Huevo,3,unidad,revueltos,210,18,1.8,15,,,alta,base_estandar,
2026-03-17,14:00,ingesta,Pechuga de pollo,30,g,cocida,50,9,0,1,,,media,base_estandar,
2026-03-17,17:00,ingesta,Naranja,2,unidad,fresca,124,2,30,0.4,,,media,base_estandar,
2026-03-17,17:00,ingesta,Yogur casero descremado,1,porcion,sin azucar,100,8,12,0.5,,,media,estimacion,
2026-03-17,21:15,cena,Arroz blanco,1.5,taza,cocido,300,6,66,1,,,media,estimacion,
2026-03-17,21:15,cena,Pollo muslo,1,unidad,guisado,220,25,0,15,,,media,estimacion,
2026-03-17,21:15,cena,Papa,2,unidad,hervida,220,6,52,0.2,,,media,estimacion,
2026-03-18,10:40,ingesta,Budin casero,3,porcion,casero abuela,450,6,75,18,,,baja,estimacion,
2026-03-18,12:30,almuerzo,Pechuga de pollo,1,unidad,al horno,280,50,0,6,,,media,estimacion,
2026-03-18,12:30,almuerzo,Papas y batatas al horno,1,porcion,mixto,300,5,55,8,,,media,estimacion,
2026-03-18,12:30,almuerzo,Zapallo con queso y tomate seco,1,porcion,al horno,220,8,20,14,,,media,estimacion,
2026-03-18,12:30,almuerzo,"Verduras varias (morron, berenjena, tomate, chaucha)",1,porcion,mixto,150,4,20,6,,,media,estimacion,
2026-03-18,12:30,almuerzo,Jamon cocido,50,g,casero,80,9,1,4,,,media,estimacion,
2026-03-18,12:30,almuerzo,Manzana al horno,1,unidad,casera,120,0,30,0,,,media,estimacion,
2026-03-18,12:30,almuerzo,Torta casera,1,porcion,foto,300,4,40,15,,,media,estimacion,
2026-03-18,17:00,snack,Budin casero,2,porcion_chica,casero abuela,200,3,35,8,,,baja,estimacion,
2026-03-18,21:00,cena,Pechuga de pollo,1,unidad,sobras horno,280,50,0,6,,,media,estimacion,
2026-03-18,21:00,cena,Papas y batatas al horno,0.5,porcion,sobras,150,2.5,27,4,,,media,estimacion,
2026-03-18,21:00,cena,Berenjena a la plancha,10,rodajas,sobras,120,3,10,6,,,media,estimacion,
2026-03-18,21:00,cena,Zapallo con queso y tomate seco,0.5,porcion,sobras,110,4,10,7,,,media,estimacion,
2026-03-19,12:15,ingesta,Whey Protein ENA Vainilla,30,g,1 scoop shake,127,25,2.6,1.8,,,alta,info_nutricional,
2026-03-19,12:15,ingesta,Leche Proteica La Serenisima,200,ml,en shake,74,9.2,9.2,0,,,alta,info_nutricional,
2026-03-19,14:30,ingesta,Huevo,4,unidad,duros,280,24,2.4,20,,,alta,base_estandar,
2026-03-19,18:00,snack,Banana,1,unidad,fresca,105,1.3,27,0.3,,,media,base_estandar,
2026-03-19,18:00,snack,Ciruela,1,unidad,fresca,30,0.5,7.5,0.2,,,media,base_estandar,
2026-03-19,18:00,snack,Pera,1,unidad,fresca,100,0.5,27,0.2,,,media,base_estandar,
2026-03-19,18:00,snack,Mani sin sal,2,puñado,natural,340,14,12,28,,,media,estimacion,
2026-03-19,21:30,cena,Milanesa pechuga de pollo,2,unidad,sarten poco aceite,420,46,20,20,,,media,estimacion,
2026-03-19,21:30,cena,Huevo,2,unidad,sarten oliva,140,12,1.2,10,,,alta,base_estandar,
2026-03-19,21:30,cena,Ensalada tomate arroz oliva,1,porcion,cherry + 2 cdas arroz,180,3,22,10,,,media,estimacion,
2026-03-19,21:30,cena,Sopa de zapallo,1,bowl,casera,120,3,25,1,,,media,estimacion,
2026-03-19,21:30,cena,Batata frita,5,rodajas_finas,boniato,120,1,20,4,,,media,estimacion,
2026-03-20,12:30,primera ingesta,yogur casero (leche proteica),1,porcion,yogurtera,120,10,8,4,,,media,estimacion_visual,
2026-03-20,13:20,ingesta,atún al natural,120,g,1 lata (escurrido),136,30,0,1.8,,,alta,etiqueta,
2026-03-20,13:20,ingesta,huevo duro,3,unidad,,210,18,1,15,,,alta,base_estandar,
2026-03-20,20:00,ingesta,shake proteína (1 scoop + leche proteica 200ml),1,porcion,,220,34,13,4,,,media,estimado,
2026-03-20,20:00,ingesta,budín vainilla casero,2,fetas pequeñas,,200,3,30,8,,,baja,estimado,
2026-03-20,22:20,ingesta,galletas Chocolinas,3,unidades,,90,1,12,4,,,baja,estimado,
2026-03-20,23:15,ingesta,pizza napolitana a la piedra + fainá,5 porciones + 1 porción,,,1350,55,140,55,,,alta,estimado,
2026-03-21,12:00,ingesta,libritos de grasa + chipacitos + pancito + leche proteica + chocolate 70%,5 + 3 + 1 + 150ml + 1 barrita,,,1250,35,120,70,,,alta,estimado,
2026-03-21,12:10,ingesta,huevos al sartén,2,,,140,12,1,10,,,media,estimado,
2026-03-21,18:00,ingesta,banana,1,,,105,1,27,0,,,baja,estimado,
2026-03-21,21:00,ingesta,brochettes carne vaca (paleta) + verduras + papas horno + palta,1 comida,,,900,55,50,55,,,alta,estimado,
2026-03-21,23:00,ingesta,alfajor Rasta negro,1,unidad,,250,4,30,12,,,alta,info_nutricional,
2026-03-22,13:00,ingesta,yogur casero leche proteica + crema de mani + banana,1,porción,,280,11,35,9,,,media,estimado,
2026-03-22,13:20,ingesta,shake proteína + pan mignon + 5 libritos grasa,1,ingesta,,800,45,70,25,,,media,estimado,
2026-03-22,17:00,ingesta,"sopa casera (muslo pollo, 2 huevos, papa, zanahoria) + batata al horno",1,ingesta,,740,37,70,25,,,media,estimado,
2026-03-22,21:00,ingesta,1/2 balde pochoclo dulce,0.5,balde,,300,3,60,10,,,media,estimado,
2026-03-22,23:00,ingesta,"1/2 porción ojo de bife + ensalada (tomate, zanahoria, huevo) + coca zero",0.5,porción,,370,36,10,29,,,media,estimado,
2026-03-22,23:55,ingesta,manzana verde,1,unidad,,80,0,21,0,,,alta,base_estandar,
2026-03-23,14:30,ingesta,shake proteína (1 scoop + 200ml leche proteica),1,porción,,220,34,13,4,,,media,estimado,
2026-03-23,14:50,ingesta,banana,1,unidad,,100,1,27,0,,,alta,estimado,
2026-03-23,16:30,ingesta,huevo duro,3,unidad,,210,18,1,15,,,alta,estimado,
2026-03-23,19:20,ingesta,tomate cherry + queso fontina,1,porción,20 tomates + 30g queso,135,7,6,9,,,media,estimado,
2026-03-23,22:00,ingesta,"cena restaurante (cerveza, limonada, empanadas, faina, milanesa con pure y papas, helado)",1,comida,detalle múltiple,2130,70,180,110,,,alta,estimado,
2026-03-24,12:30,ingesta,shake prote + leche proteica,1,comida,whey + leche proteica 200ml,240,32,10,6,,,ok,estimado,
2026-03-24,13:40,ingesta,2 arepas + 3 huevos revueltos,1,comida,arepas + huevos,600,27,50,30,,,ok,estimado,
2026-03-24,16:00,ingesta,tomate cherry,15,unidad,,30,1,6,0,,,alta,estimado,
2026-03-24,22:00,ingesta,cena cumpleaños (finger food + bebidas),1,evento,,2580,60,300,120,,,media,estimado,
2026-03-25,13:30,ingesta,almuerzo Santa Inés (entradas compartidas + milanesa con pesto + postres compartidos),1,restaurant,,1850,70,180,95,,,alta,estimado,
2026-03-25,21:00,ingesta,cena pollo a la cacerola (2 patas sin muslo) + arroz blanco,1,casa,,520,45,55,15,,,media,estimado,
2026-03-26,12:30,primera_ingesta,proteina en polvo,1,scoop,whey,120,24,3,1,,,alta,base_estandar,
2026-03-26,12:30,primera_ingesta,leche proteica,200,ml,,100,10,10,2,,,media,estimacion,
2026-03-26,12:30,primera_ingesta,huevos,4,unidad,duros,312,24,2,20,,,alta,base_estandar,
2026-03-26,16:25,ingesta,yogur Ser PRO+ frutos rojos + barra cereal proteica,1,casa,,300,20,30,8,,,media,estimado,
2026-03-26,22:15,Salmon + 2 milanesas de suprema + 2 huevos + 300g papa + mayonesa,1050,85,65,55,,,,,,,,,
2026-03-27,13:30,Shake prote (1 scoop + 200ml leche proteica),220,34,13,4,,,,,,,,,
2026-03-27,13:35,4 huevos duros,280,24,2,20,,,,,,,,,
2026-03-27,16:00,omelette acelga (1/4) + arroz blanco,280,7,45,5,,,,,,,,,
2026-03-27,22:00,pollo al horno (~220g) + puré de papa + empanada carne,760,72,50,27,,,,,,,,,
2026-03-27,22:05,pan tipo figaza,150,5,30,2,,,,,,,,,
2026-03-27,21:30,vino malbec,240,0,7,0,,,,,,,,,
2026-03-27,23:40,coca zero 330ml,0,0,0,0,,,,,,,,,
2026-03-27,23:40,alfajor rasta negro,250,4,30,12,,,,,,,,,
2026-03-28,14:00,asado costilla vacuna,900,60,0,75,,,,,,,,,
2026-03-28,14:00,choricito,150,7,2,13,,,,,,,,,
2026-03-28,14:00,morcilla pequeña,100,4,3,9,,,,,,,,,
2026-03-28,14:00,vino tinto malbec 150ml,125,0,4,0,,,,,,,,,
2026-03-28,14:00,coca zero x3,0,0,0,0,,,,,,,,,
2026-03-28,14:00,papas fritas,312,4,41,15,,,,,,,,,
2026-03-28,14:00,mani sin sal 30g,170,7,6,14,,,,,,,,,
2026-03-28,14:00,palitos salados 30g,150,3,20,6,,,,,,,,,
2026-03-28,17:00,helado 1/4kg mixto,400,5,70,10,,,,,,,,,
2026-03-28,12:00,barra cereal proteica,200,20,20,7,,,,,,,,,
2026-03-28,23:30,ternera paleta salteada 375g + arroz blanco,850,70,60,35,,,,,,,,,
2026-03-29,13:00,banana + 10 uvas,140,1,36,0,,,,,,,,,
2026-03-29,14:00,caldo papa (200g) + 2 huevos + arepa + 4 chipas,614,25,75,25,,,,,,,,,
2026-03-26,22:15,Cena,Milanesa de suprema (2) + 2 huevos fritos + papas hervidas (300g) + 1 cda mayonesa,1050,85,65,55,,,,,,,,